prompt,image_name
The image shows a face of a real human. A woman with sharp cheekbones and almond-shaped eyes.,generated_image_realilstic_vision_6_1_0.png
The image shows a face of a real human. A woman with sharp cheekbones and almond-shaped eyes.,generated_image_realilstic_vision_6_1_1.png
The image shows a face of a real human. A woman with sharp cheekbones and almond-shaped eyes.,generated_image_realilstic_vision_6_1_2.png
The image shows a face of a real human. A woman with sharp cheekbones and almond-shaped eyes.,generated_image_realilstic_vision_6_1_3.png
The image shows a face of a real human. A man with a square jaw and deep-set eyes.,generated_image_realilstic_vision_6_2_0.png
The image shows a face of a real human. A man with a square jaw and deep-set eyes.,generated_image_realilstic_vision_6_2_1.png
The image shows a face of a real human. A man with a square jaw and deep-set eyes.,generated_image_realilstic_vision_6_2_2.png
The image shows a face of a real human. A man with a square jaw and deep-set eyes.,generated_image_realilstic_vision_6_2_3.png
The image shows a face of a real human. A woman with a rounded chin and button nose.,generated_image_realilstic_vision_6_3_0.png
The image shows a face of a real human. A woman with a rounded chin and button nose.,generated_image_realilstic_vision_6_3_1.png
The image shows a face of a real human. A woman with a rounded chin and button nose.,generated_image_realilstic_vision_6_3_2.png
The image shows a face of a real human. A woman with a rounded chin and button nose.,generated_image_realilstic_vision_6_3_3.png
The image shows a face of a real human. A man with a prominent nose and bushy eyebrows.,generated_image_realilstic_vision_6_4_0.png
The image shows a face of a real human. A man with a prominent nose and bushy eyebrows.,generated_image_realilstic_vision_6_4_1.png
The image shows a face of a real human. A man with a prominent nose and bushy eyebrows.,generated_image_realilstic_vision_6_4_2.png
The image shows a face of a real human. A man with a prominent nose and bushy eyebrows.,generated_image_realilstic_vision_6_4_3.png
The image shows a face of a real human. A woman with full lips and a small forehead.,generated_image_realilstic_vision_6_5_0.png
The image shows a face of a real human. A woman with full lips and a small forehead.,generated_image_realilstic_vision_6_5_1.png
The image shows a face of a real human. A woman with full lips and a small forehead.,generated_image_realilstic_vision_6_5_2.png
The image shows a face of a real human. A woman with full lips and a small forehead.,generated_image_realilstic_vision_6_5_3.png
The image shows a face of a real human. A man with a cleft chin and chiseled features.,generated_image_realilstic_vision_6_6_0.png
The image shows a face of a real human. A man with a cleft chin and chiseled features.,generated_image_realilstic_vision_6_6_1.png
The image shows a face of a real human. A man with a cleft chin and chiseled features.,generated_image_realilstic_vision_6_6_2.png
The image shows a face of a real human. A man with a cleft chin and chiseled features.,generated_image_realilstic_vision_6_6_3.png
The image shows a face of a real human. A woman with delicate features and high eyebrows.,generated_image_realilstic_vision_6_7_0.png
The image shows a face of a real human. A woman with delicate features and high eyebrows.,generated_image_realilstic_vision_6_7_1.png
The image shows a face of a real human. A woman with delicate features and high eyebrows.,generated_image_realilstic_vision_6_7_2.png
The image shows a face of a real human. A woman with delicate features and high eyebrows.,generated_image_realilstic_vision_6_7_3.png
The image shows a face of a real human. A man with a receding hairline and piercing eyes.,generated_image_realilstic_vision_6_8_0.png
The image shows a face of a real human. A man with a receding hairline and piercing eyes.,generated_image_realilstic_vision_6_8_1.png
The image shows a face of a real human. A man with a receding hairline and piercing eyes.,generated_image_realilstic_vision_6_8_2.png
The image shows a face of a real human. A man with a receding hairline and piercing eyes.,generated_image_realilstic_vision_6_8_3.png
The image shows a face of a real human. A woman with a heart-shaped face and long lashes.,generated_image_realilstic_vision_6_9_0.png
The image shows a face of a real human. A woman with a heart-shaped face and long lashes.,generated_image_realilstic_vision_6_9_1.png
The image shows a face of a real human. A woman with a heart-shaped face and long lashes.,generated_image_realilstic_vision_6_9_2.png
The image shows a face of a real human. A woman with a heart-shaped face and long lashes.,generated_image_realilstic_vision_6_9_3.png
The image shows a face of a real human. A man with a prominent brow and defined jawline.,generated_image_realilstic_vision_6_10_0.png
The image shows a face of a real human. A man with a prominent brow and defined jawline.,generated_image_realilstic_vision_6_10_1.png
The image shows a face of a real human. A man with a prominent brow and defined jawline.,generated_image_realilstic_vision_6_10_2.png
The image shows a face of a real human. A man with a prominent brow and defined jawline.,generated_image_realilstic_vision_6_10_3.png
The image shows a face of a real human. A woman with a small nose and dark eyes.,generated_image_realilstic_vision_6_11_0.png
The image shows a face of a real human. A woman with a small nose and dark eyes.,generated_image_realilstic_vision_6_11_1.png
The image shows a face of a real human. A woman with a small nose and dark eyes.,generated_image_realilstic_vision_6_11_2.png
The image shows a face of a real human. A woman with a small nose and dark eyes.,generated_image_realilstic_vision_6_11_3.png
The image shows a face of a real human. A man with a bushy beard and narrow lips.,generated_image_realilstic_vision_6_12_0.png
The image shows a face of a real human. A man with a bushy beard and narrow lips.,generated_image_realilstic_vision_6_12_1.png
The image shows a face of a real human. A man with a bushy beard and narrow lips.,generated_image_realilstic_vision_6_12_2.png
The image shows a face of a real human. A man with a bushy beard and narrow lips.,generated_image_realilstic_vision_6_12_3.png
The image shows a face of a real human. A woman with defined cheekbones and a wide forehead.,generated_image_realilstic_vision_6_13_0.png
The image shows a face of a real human. A woman with defined cheekbones and a wide forehead.,generated_image_realilstic_vision_6_13_1.png
The image shows a face of a real human. A woman with defined cheekbones and a wide forehead.,generated_image_realilstic_vision_6_13_2.png
The image shows a face of a real human. A woman with defined cheekbones and a wide forehead.,generated_image_realilstic_vision_6_13_3.png
The image shows a face of a real human. A man with a crooked nose and thick eyebrows.,generated_image_realilstic_vision_6_14_0.png
The image shows a face of a real human. A man with a crooked nose and thick eyebrows.,generated_image_realilstic_vision_6_14_1.png
The image shows a face of a real human. A man with a crooked nose and thick eyebrows.,generated_image_realilstic_vision_6_14_2.png
The image shows a face of a real human. A man with a crooked nose and thick eyebrows.,generated_image_realilstic_vision_6_14_3.png
The image shows a face of a real human. A woman with a small mouth and a prominent chin.,generated_image_realilstic_vision_6_15_0.png
The image shows a face of a real human. A woman with a small mouth and a prominent chin.,generated_image_realilstic_vision_6_15_1.png
The image shows a face of a real human. A woman with a small mouth and a prominent chin.,generated_image_realilstic_vision_6_15_2.png
The image shows a face of a real human. A woman with a small mouth and a prominent chin.,generated_image_realilstic_vision_6_15_3.png
The image shows a face of a real human. A man with a round face and dimpled cheeks.,generated_image_realilstic_vision_6_16_0.png
The image shows a face of a real human. A man with a round face and dimpled cheeks.,generated_image_realilstic_vision_6_16_1.png
The image shows a face of a real human. A man with a round face and dimpled cheeks.,generated_image_realilstic_vision_6_16_2.png
The image shows a face of a real human. A man with a round face and dimpled cheeks.,generated_image_realilstic_vision_6_16_3.png
The image shows a face of a real human. A woman with angular features and a long neck.,generated_image_realilstic_vision_6_17_0.png
The image shows a face of a real human. A woman with angular features and a long neck.,generated_image_realilstic_vision_6_17_1.png
The image shows a face of a real human. A woman with angular features and a long neck.,generated_image_realilstic_vision_6_17_2.png
The image shows a face of a real human. A woman with angular features and a long neck.,generated_image_realilstic_vision_6_17_3.png
The image shows a face of a real human. A man with a sharp nose and piercing blue eyes.,generated_image_realilstic_vision_6_18_0.png
The image shows a face of a real human. A man with a sharp nose and piercing blue eyes.,generated_image_realilstic_vision_6_18_1.png
The image shows a face of a real human. A man with a sharp nose and piercing blue eyes.,generated_image_realilstic_vision_6_18_2.png
The image shows a face of a real human. A man with a sharp nose and piercing blue eyes.,generated_image_realilstic_vision_6_18_3.png
The image shows a face of a real human. A woman with a button nose and a heart-shaped face.,generated_image_realilstic_vision_6_19_0.png
The image shows a face of a real human. A woman with a button nose and a heart-shaped face.,generated_image_realilstic_vision_6_19_1.png
The image shows a face of a real human. A woman with a button nose and a heart-shaped face.,generated_image_realilstic_vision_6_19_2.png
The image shows a face of a real human. A woman with a button nose and a heart-shaped face.,generated_image_realilstic_vision_6_19_3.png
The image shows a face of a real human. A man with a strong jawline and high cheekbones.,generated_image_realilstic_vision_6_20_0.png
The image shows a face of a real human. A man with a strong jawline and high cheekbones.,generated_image_realilstic_vision_6_20_1.png
The image shows a face of a real human. A man with a strong jawline and high cheekbones.,generated_image_realilstic_vision_6_20_2.png
The image shows a face of a real human. A man with a strong jawline and high cheekbones.,generated_image_realilstic_vision_6_20_3.png
The image shows a face of a real human. A woman with a petite nose and deep-set eyes.,generated_image_realilstic_vision_6_21_0.png
The image shows a face of a real human. A woman with a petite nose and deep-set eyes.,generated_image_realilstic_vision_6_21_1.png
The image shows a face of a real human. A woman with a petite nose and deep-set eyes.,generated_image_realilstic_vision_6_21_2.png
The image shows a face of a real human. A woman with a petite nose and deep-set eyes.,generated_image_realilstic_vision_6_21_3.png
The image shows a face of a real human. A man with a small forehead and thin lips.,generated_image_realilstic_vision_6_22_0.png
The image shows a face of a real human. A man with a small forehead and thin lips.,generated_image_realilstic_vision_6_22_1.png
The image shows a face of a real human. A man with a small forehead and thin lips.,generated_image_realilstic_vision_6_22_2.png
The image shows a face of a real human. A man with a small forehead and thin lips.,generated_image_realilstic_vision_6_22_3.png
The image shows a face of a real human. A woman with a curved forehead and small ears.,generated_image_realilstic_vision_6_23_0.png
The image shows a face of a real human. A woman with a curved forehead and small ears.,generated_image_realilstic_vision_6_23_1.png
The image shows a face of a real human. A woman with a curved forehead and small ears.,generated_image_realilstic_vision_6_23_2.png
The image shows a face of a real human. A woman with a curved forehead and small ears.,generated_image_realilstic_vision_6_23_3.png
The image shows a face of a real human. A man with a receding hairline and bushy eyebrows.,generated_image_realilstic_vision_6_24_0.png
The image shows a face of a real human. A man with a receding hairline and bushy eyebrows.,generated_image_realilstic_vision_6_24_1.png
The image shows a face of a real human. A man with a receding hairline and bushy eyebrows.,generated_image_realilstic_vision_6_24_2.png
The image shows a face of a real human. A man with a receding hairline and bushy eyebrows.,generated_image_realilstic_vision_6_24_3.png
The image shows a face of a real human. A woman with long lashes and a small mouth.,generated_image_realilstic_vision_6_25_0.png
The image shows a face of a real human. A woman with long lashes and a small mouth.,generated_image_realilstic_vision_6_25_1.png
The image shows a face of a real human. A woman with long lashes and a small mouth.,generated_image_realilstic_vision_6_25_2.png
The image shows a face of a real human. A woman with long lashes and a small mouth.,generated_image_realilstic_vision_6_25_3.png
The image shows a face of a real human. A man with deep-set eyes and a prominent brow.,generated_image_realilstic_vision_6_26_0.png
The image shows a face of a real human. A man with deep-set eyes and a prominent brow.,generated_image_realilstic_vision_6_26_1.png
The image shows a face of a real human. A man with deep-set eyes and a prominent brow.,generated_image_realilstic_vision_6_26_2.png
The image shows a face of a real human. A man with deep-set eyes and a prominent brow.,generated_image_realilstic_vision_6_26_3.png
The image shows a face of a real human. A woman with a thin nose and defined jawline.,generated_image_realilstic_vision_6_27_0.png
The image shows a face of a real human. A woman with a thin nose and defined jawline.,generated_image_realilstic_vision_6_27_1.png
The image shows a face of a real human. A woman with a thin nose and defined jawline.,generated_image_realilstic_vision_6_27_2.png
The image shows a face of a real human. A woman with a thin nose and defined jawline.,generated_image_realilstic_vision_6_27_3.png
The image shows a face of a real human. A man with a chiseled chin and a cleft lip.,generated_image_realilstic_vision_6_28_0.png
The image shows a face of a real human. A man with a chiseled chin and a cleft lip.,generated_image_realilstic_vision_6_28_1.png
The image shows a face of a real human. A man with a chiseled chin and a cleft lip.,generated_image_realilstic_vision_6_28_2.png
The image shows a face of a real human. A man with a chiseled chin and a cleft lip.,generated_image_realilstic_vision_6_28_3.png
The image shows a face of a real human. A woman with high cheekbones and a straight nose.,generated_image_realilstic_vision_6_29_0.png
The image shows a face of a real human. A woman with high cheekbones and a straight nose.,generated_image_realilstic_vision_6_29_1.png
The image shows a face of a real human. A woman with high cheekbones and a straight nose.,generated_image_realilstic_vision_6_29_2.png
The image shows a face of a real human. A woman with high cheekbones and a straight nose.,generated_image_realilstic_vision_6_29_3.png
The image shows a face of a real human. A man with a square face and a dimpled chin.,generated_image_realilstic_vision_6_30_0.png
The image shows a face of a real human. A man with a square face and a dimpled chin.,generated_image_realilstic_vision_6_30_1.png
The image shows a face of a real human. A man with a square face and a dimpled chin.,generated_image_realilstic_vision_6_30_2.png
The image shows a face of a real human. A man with a square face and a dimpled chin.,generated_image_realilstic_vision_6_30_3.png
The image shows a face of a real human. A woman with a rounded chin and deep dimples.,generated_image_realilstic_vision_6_31_0.png
The image shows a face of a real human. A woman with a rounded chin and deep dimples.,generated_image_realilstic_vision_6_31_1.png
The image shows a face of a real human. A woman with a rounded chin and deep dimples.,generated_image_realilstic_vision_6_31_2.png
The image shows a face of a real human. A woman with a rounded chin and deep dimples.,generated_image_realilstic_vision_6_31_3.png
The image shows a face of a real human. A man with a small nose and thick lips.,generated_image_realilstic_vision_6_32_0.png
The image shows a face of a real human. A man with a small nose and thick lips.,generated_image_realilstic_vision_6_32_1.png
The image shows a face of a real human. A man with a small nose and thick lips.,generated_image_realilstic_vision_6_32_2.png
The image shows a face of a real human. A man with a small nose and thick lips.,generated_image_realilstic_vision_6_32_3.png
The image shows a face of a real human. A woman with a small forehead and narrow chin.,generated_image_realilstic_vision_6_33_0.png
The image shows a face of a real human. A woman with a small forehead and narrow chin.,generated_image_realilstic_vision_6_33_1.png
The image shows a face of a real human. A woman with a small forehead and narrow chin.,generated_image_realilstic_vision_6_33_2.png
The image shows a face of a real human. A woman with a small forehead and narrow chin.,generated_image_realilstic_vision_6_33_3.png
The image shows a face of a real human. A man with a defined jawline and full beard.,generated_image_realilstic_vision_6_34_0.png
The image shows a face of a real human. A man with a defined jawline and full beard.,generated_image_realilstic_vision_6_34_1.png
The image shows a face of a real human. A man with a defined jawline and full beard.,generated_image_realilstic_vision_6_34_2.png
The image shows a face of a real human. A man with a defined jawline and full beard.,generated_image_realilstic_vision_6_34_3.png
The image shows a face of a real human. A woman with big eyes and a small mouth.,generated_image_realilstic_vision_6_35_0.png
The image shows a face of a real human. A woman with big eyes and a small mouth.,generated_image_realilstic_vision_6_35_1.png
The image shows a face of a real human. A woman with big eyes and a small mouth.,generated_image_realilstic_vision_6_35_2.png
The image shows a face of a real human. A woman with big eyes and a small mouth.,generated_image_realilstic_vision_6_35_3.png
The image shows a face of a real human. A man with a receding hairline and a wide forehead.,generated_image_realilstic_vision_6_36_0.png
The image shows a face of a real human. A man with a receding hairline and a wide forehead.,generated_image_realilstic_vision_6_36_1.png
The image shows a face of a real human. A man with a receding hairline and a wide forehead.,generated_image_realilstic_vision_6_36_2.png
The image shows a face of a real human. A man with a receding hairline and a wide forehead.,generated_image_realilstic_vision_6_36_3.png
The image shows a face of a real human. A woman with a petite nose and delicate features.,generated_image_realilstic_vision_6_37_0.png
The image shows a face of a real human. A woman with a petite nose and delicate features.,generated_image_realilstic_vision_6_37_1.png
The image shows a face of a real human. A woman with a petite nose and delicate features.,generated_image_realilstic_vision_6_37_2.png
The image shows a face of a real human. A woman with a petite nose and delicate features.,generated_image_realilstic_vision_6_37_3.png
The image shows a face of a real human. A man with a prominent nose and dark eyes.,generated_image_realilstic_vision_6_38_0.png
The image shows a face of a real human. A man with a prominent nose and dark eyes.,generated_image_realilstic_vision_6_38_1.png
The image shows a face of a real human. A man with a prominent nose and dark eyes.,generated_image_realilstic_vision_6_38_2.png
The image shows a face of a real human. A man with a prominent nose and dark eyes.,generated_image_realilstic_vision_6_38_3.png
The image shows a face of a real human. A woman with curly hair and high eyebrows.,generated_image_realilstic_vision_6_39_0.png
The image shows a face of a real human. A woman with curly hair and high eyebrows.,generated_image_realilstic_vision_6_39_1.png
The image shows a face of a real human. A woman with curly hair and high eyebrows.,generated_image_realilstic_vision_6_39_2.png
The image shows a face of a real human. A woman with curly hair and high eyebrows.,generated_image_realilstic_vision_6_39_3.png
The image shows a face of a real human. A man with a crooked nose and thick lips.,generated_image_realilstic_vision_6_40_0.png
The image shows a face of a real human. A man with a crooked nose and thick lips.,generated_image_realilstic_vision_6_40_1.png
The image shows a face of a real human. A man with a crooked nose and thick lips.,generated_image_realilstic_vision_6_40_2.png
The image shows a face of a real human. A man with a crooked nose and thick lips.,generated_image_realilstic_vision_6_40_3.png
The image shows a face of a real human. A woman with full lips and a heart-shaped face.,generated_image_realilstic_vision_6_41_0.png
The image shows a face of a real human. A woman with full lips and a heart-shaped face.,generated_image_realilstic_vision_6_41_1.png
The image shows a face of a real human. A woman with full lips and a heart-shaped face.,generated_image_realilstic_vision_6_41_2.png
The image shows a face of a real human. A woman with full lips and a heart-shaped face.,generated_image_realilstic_vision_6_41_3.png
The image shows a face of a real human. A man with a square jaw and narrow forehead.,generated_image_realilstic_vision_6_42_0.png
The image shows a face of a real human. A man with a square jaw and narrow forehead.,generated_image_realilstic_vision_6_42_1.png
The image shows a face of a real human. A man with a square jaw and narrow forehead.,generated_image_realilstic_vision_6_42_2.png
The image shows a face of a real human. A man with a square jaw and narrow forehead.,generated_image_realilstic_vision_6_42_3.png
The image shows a face of a real human. A woman with a pointed chin and thin eyebrows.,generated_image_realilstic_vision_6_43_0.png
The image shows a face of a real human. A woman with a pointed chin and thin eyebrows.,generated_image_realilstic_vision_6_43_1.png
The image shows a face of a real human. A woman with a pointed chin and thin eyebrows.,generated_image_realilstic_vision_6_43_2.png
The image shows a face of a real human. A woman with a pointed chin and thin eyebrows.,generated_image_realilstic_vision_6_43_3.png
The image shows a face of a real human. A man with a small mouth and defined cheekbones.,generated_image_realilstic_vision_6_44_0.png
The image shows a face of a real human. A man with a small mouth and defined cheekbones.,generated_image_realilstic_vision_6_44_1.png
The image shows a face of a real human. A man with a small mouth and defined cheekbones.,generated_image_realilstic_vision_6_44_2.png
The image shows a face of a real human. A man with a small mouth and defined cheekbones.,generated_image_realilstic_vision_6_44_3.png
The image shows a face of a real human. A woman with a sharp nose and dark eyes.,generated_image_realilstic_vision_6_45_0.png
The image shows a face of a real human. A woman with a sharp nose and dark eyes.,generated_image_realilstic_vision_6_45_1.png
The image shows a face of a real human. A woman with a sharp nose and dark eyes.,generated_image_realilstic_vision_6_45_2.png
The image shows a face of a real human. A woman with a sharp nose and dark eyes.,generated_image_realilstic_vision_6_45_3.png
The image shows a face of a real human. A man with a round face and thin eyebrows.,generated_image_realilstic_vision_6_46_0.png
The image shows a face of a real human. A man with a round face and thin eyebrows.,generated_image_realilstic_vision_6_46_1.png
The image shows a face of a real human. A man with a round face and thin eyebrows.,generated_image_realilstic_vision_6_46_2.png
The image shows a face of a real human. A man with a round face and thin eyebrows.,generated_image_realilstic_vision_6_46_3.png
The image shows a face of a real human. A woman with a small forehead and high cheekbones.,generated_image_realilstic_vision_6_47_0.png
The image shows a face of a real human. A woman with a small forehead and high cheekbones.,generated_image_realilstic_vision_6_47_1.png
The image shows a face of a real human. A woman with a small forehead and high cheekbones.,generated_image_realilstic_vision_6_47_2.png
The image shows a face of a real human. A woman with a small forehead and high cheekbones.,generated_image_realilstic_vision_6_47_3.png
The image shows a face of a real human. A man with a pointed chin and a receding hairline.,generated_image_realilstic_vision_6_48_0.png
The image shows a face of a real human. A man with a pointed chin and a receding hairline.,generated_image_realilstic_vision_6_48_1.png
The image shows a face of a real human. A man with a pointed chin and a receding hairline.,generated_image_realilstic_vision_6_48_2.png
The image shows a face of a real human. A man with a pointed chin and a receding hairline.,generated_image_realilstic_vision_6_48_3.png
The image shows a face of a real human. A woman with a petite nose and long lashes.,generated_image_realilstic_vision_6_49_0.png
The image shows a face of a real human. A woman with a petite nose and long lashes.,generated_image_realilstic_vision_6_49_1.png
The image shows a face of a real human. A woman with a petite nose and long lashes.,generated_image_realilstic_vision_6_49_2.png
The image shows a face of a real human. A woman with a petite nose and long lashes.,generated_image_realilstic_vision_6_49_3.png
The image shows a face of a real human. A man with bushy eyebrows and full lips.,generated_image_realilstic_vision_6_50_0.png
The image shows a face of a real human. A man with bushy eyebrows and full lips.,generated_image_realilstic_vision_6_50_1.png
The image shows a face of a real human. A man with bushy eyebrows and full lips.,generated_image_realilstic_vision_6_50_2.png
The image shows a face of a real human. A man with bushy eyebrows and full lips.,generated_image_realilstic_vision_6_50_3.png
The image shows a face of a real human. A woman with a rounded chin and small ears.,generated_image_realilstic_vision_6_51_0.png
The image shows a face of a real human. A woman with a rounded chin and small ears.,generated_image_realilstic_vision_6_51_1.png
The image shows a face of a real human. A woman with a rounded chin and small ears.,generated_image_realilstic_vision_6_51_2.png
The image shows a face of a real human. A woman with a rounded chin and small ears.,generated_image_realilstic_vision_6_51_3.png
The image shows a face of a real human. A man with a prominent brow and defined cheekbones.,generated_image_realilstic_vision_6_52_0.png
The image shows a face of a real human. A man with a prominent brow and defined cheekbones.,generated_image_realilstic_vision_6_52_1.png
The image shows a face of a real human. A man with a prominent brow and defined cheekbones.,generated_image_realilstic_vision_6_52_2.png
The image shows a face of a real human. A man with a prominent brow and defined cheekbones.,generated_image_realilstic_vision_6_52_3.png
a face of a man. I don't want to see drawings and black and white images,generated_image_realilstic_vision_simple_prompt_7_1_0.png
a face of a man. I don't want to see drawings and black and white images,generated_image_realilstic_vision_simple_prompt_7_1_1.png
a face of a man. I don't want to see drawings and black and white images,generated_image_realilstic_vision_simple_prompt_7_1_2.png
a face of a man. I don't want to see drawings and black and white images,generated_image_realilstic_vision_simple_prompt_7_1_3.png
a face of a man. Colorized and no drawing,generated_image_realilstic_vision_simple_prompt_7_1_0.png
a face of a man. Colorized and no drawing,generated_image_realilstic_vision_simple_prompt_7_1_1.png
a face of a man. Colorized and no drawing,generated_image_realilstic_vision_simple_prompt_7_1_2.png
a face of a man. Colorized and no drawing,generated_image_realilstic_vision_simple_prompt_7_1_3.png
a face of a man. Colorized and no drawing,generated_image_realilstic_vision_simple_prompt_7_1_4.png
a face of a man. Colorized and no drawing,generated_image_realilstic_vision_simple_prompt_7_1_5.png
An image of a face from a man. Colorized and no drawing,generated_image_realilstic_vision_simple_prompt_7_1_0.png
An image of a face from a man. Colorized and no drawing,generated_image_realilstic_vision_simple_prompt_7_1_1.png
An image of a face from a man. Colorized and no drawing,generated_image_realilstic_vision_simple_prompt_7_1_2.png
An image of a face from a man. Colorized and no drawing,generated_image_realilstic_vision_simple_prompt_7_1_3.png
An image of a face from a man,generated_image_realilstic_vision_simple_prompt_7_1_0.png
An image of a face from a man,generated_image_realilstic_vision_simple_prompt_7_1_1.png
An image of a face from a man,generated_image_realilstic_vision_simple_prompt_7_1_2.png
An image of a face from a man,generated_image_realilstic_vision_simple_prompt_7_1_3.png
An image of a face from a man,generated_image_realilstic_vision_simple_prompt_7_1_4.png
face of a man,generated_image_realilstic_vision_simple_prompt_7_1_0.png
face of a man,generated_image_realilstic_vision_simple_prompt_7_1_1.png
face of a man,generated_image_realilstic_vision_simple_prompt_7_1_2.png
face of a man,generated_image_realilstic_vision_simple_prompt_7_1_3.png
face of a man,generated_image_realilstic_vision_simple_prompt_7_1_4.png
face of a man,generated_image_realilstic_vision_simple_prompt_7_1_5.png
face of a man,generated_image_realilstic_vision_simple_prompt_7_1_6.png
face of a man,generated_image_realilstic_vision_simple_prompt_7_1_7.png
face of a man,generated_image_realilstic_vision_simple_prompt_7_1_8.png
face of a man,generated_image_realilstic_vision_simple_prompt_7_1_9.png
face of a man,generated_image_realilstic_vision_simple_prompt_7_1_10.png
face of a man,generated_image_realilstic_vision_simple_prompt_7_1_11.png
face of a man,generated_image_realilstic_vision_simple_prompt_7_1_12.png
face of a man,generated_image_realilstic_vision_simple_prompt_7_1_13.png
face of a man,generated_image_realilstic_vision_simple_prompt_7_1_14.png
face of a man,generated_image_realilstic_vision_simple_prompt_7_1_15.png
face of a man,generated_image_realilstic_vision_simple_prompt_7_1_16.png
face of a man,generated_image_realilstic_vision_simple_prompt_7_1_17.png
face of a man,generated_image_realilstic_vision_simple_prompt_7_1_18.png
face of a man,generated_image_realilstic_vision_simple_prompt_7_1_19.png
face of a man,generated_image_realilstic_vision_simple_prompt_7_1_20.png
face of a man,generated_image_realilstic_vision_simple_prompt_7_1_21.png
face of a man,generated_image_realilstic_vision_simple_prompt_7_1_22.png
face of a man,generated_image_realilstic_vision_simple_prompt_7_1_23.png
face of a man,generated_image_realilstic_vision_simple_prompt_7_1_24.png
face of a man,generated_image_realilstic_vision_simple_prompt_7_1_25.png
face of a man,generated_image_realilstic_vision_simple_prompt_7_1_26.png
face of a man,generated_image_realilstic_vision_simple_prompt_7_1_27.png
face of a man,generated_image_realilstic_vision_simple_prompt_7_1_28.png
face of a man,generated_image_realilstic_vision_simple_prompt_7_1_29.png
face of a man,generated_image_realilstic_vision_simple_prompt_7_1_30.png
face of a man,generated_image_realilstic_vision_simple_prompt_7_1_31.png
face of a man,generated_image_realilstic_vision_simple_prompt_7_1_32.png
face of a man,generated_image_realilstic_vision_simple_prompt_7_1_33.png
face of a man,generated_image_realilstic_vision_simple_prompt_7_1_34.png
face of a man,generated_image_realilstic_vision_simple_prompt_7_1_35.png
face of a man,generated_image_realilstic_vision_simple_prompt_7_1_36.png
face of a man,generated_image_realilstic_vision_simple_prompt_7_1_37.png
face of a man,generated_image_realilstic_vision_simple_prompt_7_1_38.png
face of a man,generated_image_realilstic_vision_simple_prompt_7_1_39.png
face of a man,generated_image_realilstic_vision_simple_prompt_7_1_40.png
face of a man,generated_image_realilstic_vision_simple_prompt_7_1_41.png
face of a man,generated_image_realilstic_vision_simple_prompt_7_1_42.png
face of a man,generated_image_realilstic_vision_simple_prompt_7_1_43.png
face of a man,generated_image_realilstic_vision_simple_prompt_7_1_44.png
face of a man,generated_image_realilstic_vision_simple_prompt_7_1_45.png
face of a man,generated_image_realilstic_vision_simple_prompt_7_1_46.png
face of a man,generated_image_realilstic_vision_simple_prompt_7_1_47.png
face of a man,generated_image_realilstic_vision_simple_prompt_7_1_48.png
face of a man,generated_image_realilstic_vision_simple_prompt_7_1_49.png
face of a man,generated_image_realilstic_vision_simple_prompt_7_1_50.png
face of a man,generated_image_realilstic_vision_simple_prompt_7_1_51.png
face of a man,generated_image_realilstic_vision_simple_prompt_7_1_52.png
face of a man,generated_image_realilstic_vision_simple_prompt_7_1_53.png
face of a man,generated_image_realilstic_vision_simple_prompt_7_1_54.png
face of a man,generated_image_realilstic_vision_simple_prompt_7_1_55.png
face of a man,generated_image_realilstic_vision_simple_prompt_7_1_56.png
face of a man,generated_image_realilstic_vision_simple_prompt_7_1_57.png
face of a man,generated_image_realilstic_vision_simple_prompt_7_1_58.png
face of a man,generated_image_realilstic_vision_simple_prompt_7_1_59.png
face of a man,generated_image_realilstic_vision_simple_prompt_7_1_60.png
face of a man,generated_image_realilstic_vision_simple_prompt_7_1_61.png
face of a man,generated_image_realilstic_vision_simple_prompt_7_1_62.png
face of a man,generated_image_realilstic_vision_simple_prompt_7_1_63.png
face of a man,generated_image_realilstic_vision_simple_prompt_7_1_64.png
face of a man,generated_image_realilstic_vision_simple_prompt_7_1_65.png
face of a man,generated_image_realilstic_vision_simple_prompt_7_1_66.png
face of a man,generated_image_realilstic_vision_simple_prompt_7_1_67.png
face of a man,generated_image_realilstic_vision_simple_prompt_7_1_68.png
face of a man,generated_image_realilstic_vision_simple_prompt_7_1_69.png
face of a man,generated_image_realilstic_vision_simple_prompt_7_1_70.png
face of a man,generated_image_realilstic_vision_simple_prompt_7_1_71.png
face of a man,generated_image_realilstic_vision_simple_prompt_7_1_72.png
face of a man,generated_image_realilstic_vision_simple_prompt_7_1_73.png
face of a man,generated_image_realilstic_vision_simple_prompt_7_1_74.png
face of a man,generated_image_realilstic_vision_simple_prompt_7_1_75.png
face of a man,generated_image_realilstic_vision_simple_prompt_7_1_76.png
face of a man,generated_image_realilstic_vision_simple_prompt_7_1_77.png
face of a man,generated_image_realilstic_vision_simple_prompt_7_1_78.png
face of a man,generated_image_realilstic_vision_simple_prompt_7_1_79.png
face of a man,generated_image_realilstic_vision_simple_prompt_7_1_80.png
face of a man,generated_image_realilstic_vision_simple_prompt_7_1_81.png
face of a man,generated_image_realilstic_vision_simple_prompt_7_1_82.png
face of a man,generated_image_realilstic_vision_simple_prompt_7_1_83.png
face of a man,generated_image_realilstic_vision_simple_prompt_7_1_84.png
face of a man,generated_image_realilstic_vision_simple_prompt_7_1_85.png
face of a man,generated_image_realilstic_vision_simple_prompt_7_1_86.png
face of a man,generated_image_realilstic_vision_simple_prompt_7_1_87.png
face of a man,generated_image_realilstic_vision_simple_prompt_7_1_88.png
face of a man,generated_image_realilstic_vision_simple_prompt_7_1_89.png
face of a man,generated_image_realilstic_vision_simple_prompt_7_1_90.png
face of a man,generated_image_realilstic_vision_simple_prompt_7_1_91.png
face of a man,generated_image_realilstic_vision_simple_prompt_7_1_92.png
face of a man,generated_image_realilstic_vision_simple_prompt_7_1_93.png
face of a man,generated_image_realilstic_vision_simple_prompt_7_1_94.png
face of a man,generated_image_realilstic_vision_simple_prompt_7_1_95.png
face of a man,generated_image_realilstic_vision_simple_prompt_7_1_96.png
face of a man,generated_image_realilstic_vision_simple_prompt_7_1_97.png
face of a man,generated_image_realilstic_vision_simple_prompt_7_1_98.png
face of a man,generated_image_realilstic_vision_simple_prompt_7_1_99.png
a face of a women,generated_image_realilstic_vision_simple_prompt_7_2_0.png
a face of a women,generated_image_realilstic_vision_simple_prompt_7_2_1.png
a face of a women,generated_image_realilstic_vision_simple_prompt_7_2_2.png
a face of a women,generated_image_realilstic_vision_simple_prompt_7_2_3.png
a face of a women,generated_image_realilstic_vision_simple_prompt_7_2_4.png
a face of a women,generated_image_realilstic_vision_simple_prompt_7_2_5.png
a face of a women,generated_image_realilstic_vision_simple_prompt_7_2_6.png
a face of a women,generated_image_realilstic_vision_simple_prompt_7_2_7.png
a face of a women,generated_image_realilstic_vision_simple_prompt_7_2_8.png
a face of a women,generated_image_realilstic_vision_simple_prompt_7_2_9.png
a face of a women,generated_image_realilstic_vision_simple_prompt_7_2_10.png
a face of a women,generated_image_realilstic_vision_simple_prompt_7_2_11.png
a face of a women,generated_image_realilstic_vision_simple_prompt_7_2_12.png
a face of a women,generated_image_realilstic_vision_simple_prompt_7_2_13.png
a face of a women,generated_image_realilstic_vision_simple_prompt_7_2_14.png
a face of a women,generated_image_realilstic_vision_simple_prompt_7_2_15.png
a face of a women,generated_image_realilstic_vision_simple_prompt_7_2_16.png
a face of a women,generated_image_realilstic_vision_simple_prompt_7_2_17.png
a face of a women,generated_image_realilstic_vision_simple_prompt_7_2_18.png
a face of a women,generated_image_realilstic_vision_simple_prompt_7_2_19.png
a face of a women,generated_image_realilstic_vision_simple_prompt_7_2_20.png
a face of a women,generated_image_realilstic_vision_simple_prompt_7_2_21.png
a face of a women,generated_image_realilstic_vision_simple_prompt_7_2_22.png
a face of a women,generated_image_realilstic_vision_simple_prompt_7_2_23.png
a face of a women,generated_image_realilstic_vision_simple_prompt_7_2_24.png
a face of a women,generated_image_realilstic_vision_simple_prompt_7_2_25.png
a face of a women,generated_image_realilstic_vision_simple_prompt_7_2_26.png
a face of a women,generated_image_realilstic_vision_simple_prompt_7_2_27.png
a face of a women,generated_image_realilstic_vision_simple_prompt_7_2_28.png
a face of a women,generated_image_realilstic_vision_simple_prompt_7_2_29.png
a face of a women,generated_image_realilstic_vision_simple_prompt_7_2_30.png
a face of a women,generated_image_realilstic_vision_simple_prompt_7_2_31.png
a face of a women,generated_image_realilstic_vision_simple_prompt_7_2_32.png
a face of a women,generated_image_realilstic_vision_simple_prompt_7_2_33.png
a face of a women,generated_image_realilstic_vision_simple_prompt_7_2_34.png
a face of a women,generated_image_realilstic_vision_simple_prompt_7_2_35.png
a face of a women,generated_image_realilstic_vision_simple_prompt_7_2_36.png
a face of a women,generated_image_realilstic_vision_simple_prompt_7_2_37.png
a face of a women,generated_image_realilstic_vision_simple_prompt_7_2_38.png
a face of a women,generated_image_realilstic_vision_simple_prompt_7_2_39.png
a face of a women,generated_image_realilstic_vision_simple_prompt_7_2_40.png
a face of a women,generated_image_realilstic_vision_simple_prompt_7_2_41.png
a face of a women,generated_image_realilstic_vision_simple_prompt_7_2_42.png
a face of a women,generated_image_realilstic_vision_simple_prompt_7_2_43.png
a face of a women,generated_image_realilstic_vision_simple_prompt_7_2_44.png
a face of a women,generated_image_realilstic_vision_simple_prompt_7_2_45.png
a face of a women,generated_image_realilstic_vision_simple_prompt_7_2_46.png
a face of a women,generated_image_realilstic_vision_simple_prompt_7_2_47.png
a face of a women,generated_image_realilstic_vision_simple_prompt_7_2_48.png
a face of a women,generated_image_realilstic_vision_simple_prompt_7_2_49.png
a face of a women,generated_image_realilstic_vision_simple_prompt_7_2_50.png
a face of a women,generated_image_realilstic_vision_simple_prompt_7_2_51.png
a face of a women,generated_image_realilstic_vision_simple_prompt_7_2_52.png
a face of a women,generated_image_realilstic_vision_simple_prompt_7_2_53.png
a face of a women,generated_image_realilstic_vision_simple_prompt_7_2_54.png
a face of a women,generated_image_realilstic_vision_simple_prompt_7_2_55.png
a face of a women,generated_image_realilstic_vision_simple_prompt_7_2_56.png
a face of a women,generated_image_realilstic_vision_simple_prompt_7_2_57.png
a face of a women,generated_image_realilstic_vision_simple_prompt_7_2_58.png
a face of a women,generated_image_realilstic_vision_simple_prompt_7_2_59.png
a face of a women,generated_image_realilstic_vision_simple_prompt_7_2_60.png
a face of a women,generated_image_realilstic_vision_simple_prompt_7_2_61.png
a face of a women,generated_image_realilstic_vision_simple_prompt_7_2_62.png
a face of a women,generated_image_realilstic_vision_simple_prompt_7_2_63.png
a face of a women,generated_image_realilstic_vision_simple_prompt_7_2_64.png
a face of a women,generated_image_realilstic_vision_simple_prompt_7_2_65.png
a face of a women,generated_image_realilstic_vision_simple_prompt_7_2_66.png
a face of a women,generated_image_realilstic_vision_simple_prompt_7_2_67.png
a face of a women,generated_image_realilstic_vision_simple_prompt_7_2_68.png
a face of a women,generated_image_realilstic_vision_simple_prompt_7_2_69.png
a face of a women,generated_image_realilstic_vision_simple_prompt_7_2_70.png
a face of a women,generated_image_realilstic_vision_simple_prompt_7_2_71.png
a face of a women,generated_image_realilstic_vision_simple_prompt_7_2_72.png
a face of a women,generated_image_realilstic_vision_simple_prompt_7_2_73.png
a face of a women,generated_image_realilstic_vision_simple_prompt_7_2_74.png
a face of a women,generated_image_realilstic_vision_simple_prompt_7_2_75.png
a face of a women,generated_image_realilstic_vision_simple_prompt_7_2_76.png
a face of a women,generated_image_realilstic_vision_simple_prompt_7_2_77.png
a face of a women,generated_image_realilstic_vision_simple_prompt_7_2_78.png
a face of a women,generated_image_realilstic_vision_simple_prompt_7_2_79.png
a face of a women,generated_image_realilstic_vision_simple_prompt_7_2_80.png
a face of a women,generated_image_realilstic_vision_simple_prompt_7_2_81.png
a face of a women,generated_image_realilstic_vision_simple_prompt_7_2_82.png
a face of a women,generated_image_realilstic_vision_simple_prompt_7_2_83.png
a face of a women,generated_image_realilstic_vision_simple_prompt_7_2_84.png
a face of a women,generated_image_realilstic_vision_simple_prompt_7_2_85.png
a face of a women,generated_image_realilstic_vision_simple_prompt_7_2_86.png
a face of a women,generated_image_realilstic_vision_simple_prompt_7_2_87.png
a face of a women,generated_image_realilstic_vision_simple_prompt_7_2_88.png
a face of a women,generated_image_realilstic_vision_simple_prompt_7_2_89.png
a face of a women,generated_image_realilstic_vision_simple_prompt_7_2_90.png
a face of a women,generated_image_realilstic_vision_simple_prompt_7_2_91.png
a face of a women,generated_image_realilstic_vision_simple_prompt_7_2_92.png
a face of a women,generated_image_realilstic_vision_simple_prompt_7_2_93.png
a face of a women,generated_image_realilstic_vision_simple_prompt_7_2_94.png
a face of a women,generated_image_realilstic_vision_simple_prompt_7_2_95.png
a face of a women,generated_image_realilstic_vision_simple_prompt_7_2_96.png
a face of a women,generated_image_realilstic_vision_simple_prompt_7_2_97.png
a face of a women,generated_image_realilstic_vision_simple_prompt_7_2_98.png
a face of a women,generated_image_realilstic_vision_simple_prompt_7_2_99.png
